{
  "Smear_factor": [
    0.0022296717501272463,
    7.175837037586363e-05
  ],
  "C_ratio": [
    1.0000472420665791,
    3.4703666185722685e-05
  ]
}