{
  "Smear_factor": [
    0.002279124092403055,
    7.008542814593983e-05
  ],
  "C_ratio": [
    0.9999750124304106,
    3.681621827138539e-05
  ]
}