{
  "Smear_factor": [
    0.002279124092403055,
    7.008542814593983e-05
  ],
  "C_ratio": [
    1.000073234792914,
    3.436523867635284e-05
  ]
}